{"cameraMode":{"drawMode":0,"name":"Shaded","section":"Shading Mode"},"sceneLighting":true,"audioPlay":false,"sceneViewState":{"showFog":true,"showMaterialUpdate":true,"showSkybox":false,"showFlares":true,"showImageEffects":true,"showParticleSystems":true},"in2DMode":false,"pivot":{"x":0.0,"y":0.0792456865310669,"z":0.03675830364227295},"rotation":{"x":-0.01381269283592701,"y":-0.9030395746231079,"z":-0.03627981245517731,"w":0.42859816551208498},"size":12.765095710754395,"orthographic":false}